-- UniVault Database Seed Data
-- Sample data for testing and development
-- Version: 2.0
-- Last Updated: 2025-06-25
-- Updated: Complete database realignment - removed deprecated fields, enhanced alias system

USE univault_schema;

-- ////////////////
-- REFERENCE_TABLES
-- ////////////////

-- 1. CIVIL_STATUS_TYPE
INSERT INTO CIVIL_STATUS_TYPE (civil_status_code, civil_status_description) VALUES
		('CS01','Single'),
		('CS02','Married'),
		('CS03','Legally Separated'),
		('CS04','Divorced'),
		('CS05','Annulled'),
		('CS06','Widow/er');

-- 2. ADDRESS_TYPE
INSERT INTO ADDRESS_TYPE (address_type_code, address_type) VALUES
		('AD01','Home'),
		('AD02','Alternative'),
		('AD03','Work'),
		('AD04','Other');

-- 3. CONTACT_TYPE
INSERT INTO CONTACT_TYPE (contact_type_code, contact_type_description) VALUES
		('CT01','Mobile Number'),
		('CT02','Telephone Number'),
		('CT03','Work Number'),
		('CT04','Personal Email'),
		('CT05','Work Email'),
		('CT06','Other');

-- 4. EMPLOYMENT_POSITION
INSERT INTO EMPLOYMENT_POSITION (position_code, employment_type, job_title) VALUES
 ('EP01', 'Private/Self-Employed', 'Owner/Director/Officer'),
 ('EP02', 'Private/Self-Employed', 'Non-Officer/Employee'),
 ('EP03', 'Private/Self-Employed', 'Contractual/Part-Time'),
 ('EP04', 'Government Employed', 'Elected/Appointee'),
 ('EP05', 'Government Employed', 'Employee'),
 ('EP06', 'Government Employed', 'Contractual/Part-Time');

-- 5. FUND_SOURCE_TYPE
INSERT INTO FUND_SOURCE_TYPE (fund_source_code, fund_source) VALUES
	 ('FS001', 'Employed - Fixed Income'),
	 ('FS002', 'Employed - Variable Income'),
	 ('FS003', 'Self-Employed - Business Income'),
	 ('FS004', 'Remittances'),
	 ('FS005', 'Pension'),
	 ('FS006', 'Personal Savings / Retirement Proceeds'),
	 ('FS007', 'Allowance'),
	 ('FS008', 'Inheritance'),
	 ('FS009', 'Investment/Dividend Income'),
	 ('FS010', 'Rental Income'),
	 ('FS011', 'Sale of Asset / Property'),
	 ('FS012', 'Other Sources (Lottery, Donations, Tax Refunds, and Insurance/Legal Claims)');

-- 6. WORK_NATURE_TYPE
INSERT INTO WORK_NATURE_TYPE (work_nature_code, nature_description) VALUES
	 ('ACT', 'Accounting/Auditing/Tax Practice Services'),
	 ('LEG', 'Legal Services'),
	 ('ANE', 'Architecture/Engineering'),
	 ('SVC', 'Other Professional Services / Consultancy/Coaching'),
	 ('PWN', 'Pawnshop'),
	 ('LDG', 'Lending'),
	 ('MSE', 'Money Service Business - Electronic Money Issuer'),
	 ('MSV', 'Money Service Business - Virtual Currency Exchange'),
	 ('MSR', 'Money Service Business - Remittance Transfer Company'),
	 ('MSF', 'Money Service Business - Foreign Exchange Dealer / Money Changer'),
	 ('BAN', 'Banking'),
	 ('INS', 'Insurance'),
	 ('SBD', 'Securities Broker / Dealer'),
	 ('CON', 'Construction and Civil Engineering'),
	 ('REL', 'Real Estate Brokerage and Sales'),
	 ('MED', 'Media'),
	 ('ENT', 'Arts/Entertainment/Recreation'),
	 ('SPO', 'Sports/eSports'),
	 ('GAM', 'Gambling/Casino/eGames'),
	 ('HEA', 'Healthcare (Doctor, Dentist, Nurse, Psychiatrist and others)'),
	 ('SOC', 'Social Work / Non-Government and Non-Profit Organizations'),
	 ('EDU', 'Education/ Online Education'),
	 ('COM', 'Information/Communication/Telecommunication'),
	 ('PUB', 'Publishing/Printing'),
	 ('ADV', 'Advertising/Marketing'),
	 ('ICT', 'Robotics/AI/Cloud/Data Engineering/ Software Development/Cybersecurity'),
	 ('MFG', 'Manufacturing/Packaging'),
	 ('MFF', 'Manufacturing/Trading of Firearms and Ammunition'),
	 ('ART', 'Art / Antiques Dealership'),
	 ('CAR', 'Car/Boat/Plane Dealership'),
	 ('JEW', 'Jewelry / Precious Metals / Precious Stones Dealership'),
	 ('WRT', 'Wholesale / Retail Trade (Distribution & Sales) / E-Commerce / Online Selling'),
	 ('REP', 'Repair Services'),
	 ('TRN', 'Transportation (Land, Sea and Air)'),
	 ('SHI', 'Shipping/Cargo / Storage'),
	 ('SEA', 'Seaman / Seafarer'),
	 ('AGR', 'Agriculture / Fishing'),
	 ('FOR', 'Forestry'),
	 ('MIN', 'Mining/Quarrying'),
	 ('UTL', 'Electric Utilities'),
	 ('OIL', 'Oil/Gasoline'),
	 ('WAT', 'Water Supply/Sewerage/Waste Management'),
	 ('PAD', 'Public Administration / Government'),
	 ('MIL', 'Peace and Order (Military, Police, Fireman, Jail Warden and Others)'),
	 ('AFS', 'Hotel/Accommodation/Restaurant/Food Services'),
	 ('EMB', 'Embassies/Diplomatic Services / Attached Offices'),
	 ('TRA', 'Travel / Travel Agencies'),
	 ('AGY', 'Employment Agency / Human Resources'),
	 ('SEC', 'Security Agency / Services'),
	 ('OTS', 'Other Service Activities (Hairdresser, Manicurist, Masseuse and others)'),
	 ('HOU', 'Private Household / Household Employee / Household Staff'),
	 ('RLG', 'Religious Organization'),
	 ('DFP', 'Designated Non Financial Business And Professions (DNFBP)'),
	 ('OGB', 'Direct OGB/POGO Licensee and Authorized Gaming Agent'),
	 ('OGI', 'Indirect OGB/POGO Allied Service Provider');

-- 7. BIOMETRIC_TYPE - REMOVED (Not required for current system)

-- 8. CUSTOMER_PRODUCT_TYPE
INSERT INTO CUSTOMER_PRODUCT_TYPE (product_type_code, product_type_name) VALUES
	('PR01', 'Deposits'),
	('PR02', 'Cards'),
	('PR03', 'Loans'),
	('PR04', 'Wealth Management'),
	('PR05', 'Insurance');

-- 9. ALIAS_DOCUMENTATION_TYPE
-- Updated: 2025-06-25 - Changed to A## format and expanded to match ID types
INSERT INTO ALIAS_DOCUMENTATION_TYPE (alias_doc_type_code, alias_doc_description) VALUES
	('A01', 'Driver''s License'),
	('A02', 'Passport'),
	('A03', 'SSS ID'),
	('A04', 'PhilHealth ID'),
	('A05', 'TIN ID'),
	('A06', 'Voter''s ID'),
	('A07', 'Senior Citizen ID'),
	('A08', 'PWD ID'),
	('A09', 'Postal ID'),
	('A10', 'Professional ID'),
	('A11', 'Company ID'),
	('A12', 'School ID'),
	('A13', 'Barangay ID'),
	('A14', 'UMID'),
	('A15', 'PRC ID'),
	('A16', 'GSIS ID'),
	('A17', 'PhilSys ID'),
	('A18', 'OWWA ID'),
	('A19', 'OFW ID'),
	('A20', 'Other Government ID');

-- 10. ID_TYPE
INSERT INTO ID_TYPE (id_type_code, id_description) VALUES
 ('PSY', 'PhilSys ID'),
 ('NPP', 'New Philippine Passport (Signature and photo are on separate pages)'),
 ('OPP', 'Old Philippine Passport (Signature and photo are on the same page)'),
 ('DRV', 'Driver''s License'),
 ('PRC', 'PRC ID'),
 ('UMD', 'UMID'),
 ('SSS', 'SSS ID'),
 ('POS', 'Postal ID'),
 ('TIN', 'TIN ID'),
 ('BRG', 'Barangay Certification / ID'),
 ('GSI', 'GSIS ID'),
 ('PHL', 'PhilHealth ID'),
 ('OWW', 'OWWA ID'),
 ('OFW', 'OFW ID'),
 ('IBP', 'IBP ID'),
 ('COM', 'Company ID'),
 ('MAR', 'MARINA ID'),
 ('VOT', 'Voter''s ID'),
 ('SEN', 'Senior Citizen ID'),
 ('SEA', 'Seaman''s Book'),
 ('GOV', 'Government Office and GOCC ID (e.g., AFP, HDMF)'),
 ('DSW', 'DSWD Certification'),
 ('NCW', 'Certification from the National Council for the Welfare of Disabled Persons (NCWDP)'),
 ('PWD', 'Person with Disability (PWD) ID issued by National Council on Disability Affairs (NCDA)');

-- ////////////////
-- MAIN TABLES
-- ////////////////

-- Bank Employees
INSERT INTO BANK_EMPLOYEE (employee_position, employee_last_name, employee_first_name, employee_username, employee_password) VALUES
('Account Officer', 'Rizal', 'Jose', 'jrizal', '$2a$12$L8Y.A5b2.xP9tN8U7X6e2uSHJ2a7/R/C.b6E3fD4gH5e2uSHJ2a7A.LongerExampleHashValue'),
('Branch Manager', 'Bonifacio', 'Andres', 'abonifacio', '$2a$12$K9Z.B6c3.yQ0uO9V8Y7f3vTGI3b8/S/D.c7F4gH6f3vTGI3b8A.AnotherLongerExampleHash'),
('Compliance Officer', 'Del Pilar', 'Gregorio', 'gdelpilar', '$2a$12$M0A.C7d4.zR1vP0W9Z8g4wUHI4c9/T/E.d8G5hI7g4wUHI4c9A.YetAnotherLongerHashVal'),
('New Accounts Specialist', 'Silang', 'Gabriela', 'gsilang', '$2a$12$N1B.D8e5.aS2wQ1X0A9h5xVI5d0/U/F.e9H6iJ8h5xVI5d0/A.AndFinalLongerHashVal');

-- Sample Customers
-- Customer 1: Juan Dela Cruz (Standard Profile)
INSERT INTO CUSTOMER (customer_type, account_type, customer_last_name, customer_first_name, customer_middle_name, customer_username, customer_password, birth_date, gender, civil_status_code, birth_country, residency_status, citizenship, tax_identification_number, customer_status)
VALUES ('Account Owner', 'Deposit Account', 'Dela Cruz', 'Juan', 'Protacio', 'juandelacruz', '$2a$12$O2C.E9f6.bT3xR2Y1B0i6yWJ6e1/V/G.f0J7jK9i6yWJ6e1/A', '1990-05-15', 'Male', 'CS02', 'Philippines', 'Resident', 'Filipino', '123-456-789-000', 'Active');
SET @cif1 = LAST_INSERT_ID();

INSERT INTO CUSTOMER_ADDRESS (cif_number, address_type_code, address_unit, address_street, address_barangay, address_city, address_province, address_country, address_zip_code) VALUES
(@cif1, 'AD01', 'Unit 1A', '123 Rizal Ave', 'Barangay 176', 'Caloocan', 'Metro Manila', 'Philippines', '1422'),
(@cif1, 'AD03', '10th Floor, BGC Tower', '5th Avenue', 'Fort Bonifacio', 'Taguig', 'Metro Manila', 'Philippines', '1634');

INSERT INTO CUSTOMER_CONTACT_DETAILS (cif_number, contact_type_code, contact_value) VALUES
(@cif1, 'CT01', '+639171234567'),
(@cif1, 'CT02', '+63288876543'),
(@cif1, 'CT04', 'juan.delacruz@email.com'),
(@cif1, 'CT05', 'j.delacruz@workplace.com');

INSERT INTO CUSTOMER_ID (cif_number, id_type_code, id_number, id_storage, id_issue_date, id_expiry_date) VALUES
(@cif1, 'DRV', 'N02-11-111111', '/ids/juan_dela_cruz_drv.jpg', '2022-08-20', '2027-08-20'),
(@cif1, 'UMD', 'CRN-0111-1111111-1', '/ids/juan_dela_cruz_umd.jpg', '2019-01-25', '2029-01-25');

INSERT INTO CUSTOMER_FUND_SOURCE (cif_number, fund_source_code) VALUES
(@cif1, 'FS001');

INSERT INTO CUSTOMER_EMPLOYMENT_INFORMATION (cif_number, employer_business_name, employment_start_date, position_code, income_monthly_gross)
VALUES (@cif1, 'Tech Solutions Inc.', '2018-03-01', 'EP02', 65000.00);
SET @emp1 = LAST_INSERT_ID();
INSERT INTO CUSTOMER_WORK_NATURE (customer_employment_id, work_nature_code) VALUES (@emp1, 'ICT');

INSERT INTO ACCOUNT_DETAILS (product_type_code, verified_by_employee, account_open_date, account_status)
VALUES ('PR01', 1, CURDATE(), 'Active');
SET @acc1 = LAST_INSERT_ID();
INSERT INTO CUSTOMER_ACCOUNT (cif_number, account_number) VALUES (@cif1, @acc1);

-- Customer 2: Maria Clara Santos (Remittance Profile)
INSERT INTO CUSTOMER (customer_type, account_type, customer_last_name, customer_first_name, customer_username, customer_password, birth_date, gender, civil_status_code, birth_country, residency_status, citizenship, tax_identification_number, customer_status, remittance_country, remittance_purpose)
VALUES ('Account Owner', 'Card Account', 'Santos', 'Maria Clara', 'maria.santos', '$2a$12$P3D.F0g7.cT4yS3Z2C1j7zXK7f2/W/H.g1K8kL0j7zXK7f2/A', '1985-11-22', 'Female', 'CS06', 'Philippines', 'Resident', 'Filipino', '234-567-890-001', 'Active', 'United States', 'Family Support');
SET @cif2 = LAST_INSERT_ID();

INSERT INTO CUSTOMER_ADDRESS (cif_number, address_type_code, address_street, address_barangay, address_city, address_province, address_country, address_zip_code) VALUES
(@cif2, 'AD01', '456 Aguinaldo St.', 'Poblacion', 'Cebu City', 'Cebu', 'Philippines', '6000');

INSERT INTO CUSTOMER_CONTACT_DETAILS (cif_number, contact_type_code, contact_value) VALUES
(@cif2, 'CT01', '+639182345678'),
(@cif2, 'CT02', '+63322551234'),
(@cif2, 'CT04', 'mc.santos@email.com');

INSERT INTO CUSTOMER_ID (cif_number, id_type_code, id_number, id_storage, id_issue_date, id_expiry_date) VALUES
(@cif2, 'NPP', 'P1234567A', '/ids/maria_santos_npp.jpg', '2023-01-10', '2033-01-09'),
(@cif2, 'SEN', 'SC-54321', '/ids/maria_santos_sen.jpg', '2020-11-22', '2030-11-22');

INSERT INTO CUSTOMER_FUND_SOURCE (cif_number, fund_source_code) VALUES
(@cif2, 'FS004'),
(@cif2, 'FS005');

INSERT INTO ACCOUNT_DETAILS (product_type_code, verified_by_employee, account_open_date, account_status)
VALUES ('PR02', 3, CURDATE(), 'Active');
SET @acc2 = LAST_INSERT_ID();
INSERT INTO CUSTOMER_ACCOUNT (cif_number, account_number) VALUES (@cif2, @acc2);

-- Customer 3: Pedro Penduko (Alias and Self-Employed)
INSERT INTO CUSTOMER (customer_type, account_type, customer_last_name, customer_first_name, customer_middle_name, customer_username, customer_password, birth_date, gender, civil_status_code, birth_country, residency_status, citizenship, tax_identification_number, customer_status)
VALUES ('Business Owner', 'Loan Account', 'Penduko', 'Pedro', 'Reyes', 'pedro.penduko', '$2a$12$Q4E.G1h8.dT5zT4A3D2k8aYL8g3/X/I.h2L9lM1k8aYL8g3/A', '1982-02-20', 'Male', 'CS01', 'Philippines', 'Resident', 'Filipino', '345-678-901-002', 'Active');
SET @cif3 = LAST_INSERT_ID();

INSERT INTO CUSTOMER_ALIAS (cif_number, alias_first_name, alias_last_name) VALUES (@cif3, 'Peter', 'Punzalan');
SET @alias1_cif3 = LAST_INSERT_ID();
INSERT INTO ALIAS_DOCUMENTATION (customer_alias_id, alias_doc_type_code, alias_doc_number, alias_doc_issue_date, alias_doc_storage)
VALUES (@alias1_cif3, 'A17', 'ALIAS-DOC-001', '2021-06-30', '/docs/penduko_alias_cert.pdf');

INSERT INTO CUSTOMER_ADDRESS (cif_number, address_type_code, address_street, address_barangay, address_city, address_province, address_country, address_zip_code) VALUES
(@cif3, 'AD01', '789 Malakas St.', 'Diliman', 'Quezon City', 'Metro Manila', 'Philippines', '1101');

INSERT INTO CUSTOMER_CONTACT_DETAILS (cif_number, contact_type_code, contact_value) VALUES
(@cif3, 'CT01', '+639203456789'),
(@cif3, 'CT02', '+63279123456'),
(@cif3, 'CT04', 'pedro.p@email.com');

INSERT INTO CUSTOMER_ID (cif_number, id_type_code, id_number, id_storage, id_issue_date, id_expiry_date) VALUES
(@cif3, 'PSY', '1234-5678-9012-3456', '/ids/penduko_psy.jpg', '2022-04-12', '2032-04-12'),
(@cif3, 'TIN', '345-678-901-002', '/ids/penduko_tin.jpg', '2005-03-15', '2035-03-15');

INSERT INTO CUSTOMER_FUND_SOURCE (cif_number, fund_source_code) VALUES
(@cif3, 'FS003');

INSERT INTO CUSTOMER_EMPLOYMENT_INFORMATION (cif_number, employer_business_name, employment_start_date, position_code, income_monthly_gross)
VALUES (@cif3, 'Penduko''s Sari-Sari Store', '2010-09-01', 'EP01', 80000.00);
SET @emp3 = LAST_INSERT_ID();
INSERT INTO CUSTOMER_WORK_NATURE (customer_employment_id, work_nature_code) VALUES (@emp3, 'WRT');

INSERT INTO ACCOUNT_DETAILS (product_type_code, verified_by_employee, account_open_date, account_status)
VALUES ('PR03', 4, CURDATE(), 'Active');
SET @acc3 = LAST_INSERT_ID();
INSERT INTO CUSTOMER_ACCOUNT (cif_number, account_number) VALUES (@cif3, @acc3);

-- Customer 4: Basilio Dimaguiba (Dormant Account) - Fixed status
INSERT INTO CUSTOMER (customer_type, account_type, customer_last_name, customer_first_name, customer_middle_name, customer_suffix_name, customer_username, customer_password, birth_date, gender, civil_status_code, birth_country, residency_status, citizenship, tax_identification_number, customer_status)
VALUES ('Account Owner', 'Wealth Management Account', 'Dimaguiba', 'Basilio', 'Salazar', NULL, 'basilio.d', '$2a$12$R5F.H2i9.eU6A5E4F3L9m9Z0h4/Y/J.i3M0nN2l9m9Z0h4/A', '1950-09-01', 'Male', 'CS02', 'Philippines', 'Resident', 'Filipino', '901-234-567-008', 'Dormant');
SET @cif4 = LAST_INSERT_ID();

INSERT INTO CUSTOMER_ADDRESS (cif_number, address_type_code, address_street, address_barangay, address_city, address_province, address_country, address_zip_code) VALUES
(@cif4, 'AD01', '1 Bonifacio Drive', 'San Roque', 'Marikina', 'Metro Manila', 'Philippines', '1801');

INSERT INTO CUSTOMER_CONTACT_DETAILS (cif_number, contact_type_code, contact_value) VALUES
(@cif4, 'CT01', '+639171112233'),
(@cif4, 'CT02', '+63289411234'),
(@cif4, 'CT04', 'basilio.dimaguiba@email.com');

INSERT INTO CUSTOMER_ID (cif_number, id_type_code, id_number, id_storage, id_issue_date, id_expiry_date) VALUES
(@cif4, 'SEN', 'SC-98765', '/ids/dimaguiba_sen.jpg', '2015-09-09', '2025-09-09'),
(@cif4, 'DRV', 'N02-65-987654', '/ids/dimaguiba_drv.jpg', '2018-01-20', '2028-01-20');

INSERT INTO CUSTOMER_FUND_SOURCE (cif_number, fund_source_code) VALUES
(@cif4, 'FS005');

INSERT INTO ACCOUNT_DETAILS (product_type_code, verified_by_employee, account_open_date, account_status)
VALUES ('PR04', 1, '2020-01-01', 'Dormant');
SET @acc4 = LAST_INSERT_ID();
INSERT INTO CUSTOMER_ACCOUNT (cif_number, account_number) VALUES (@cif4, @acc4);

-- Customer 5: Sisa Madrigal (Pending Verification)
INSERT INTO CUSTOMER (customer_type, account_type, customer_last_name, customer_first_name, customer_middle_name, customer_username, customer_password, birth_date, gender, civil_status_code, birth_country, residency_status, citizenship, tax_identification_number, customer_status)
VALUES ('Account Owner', 'Insurance Account', 'Madrigal', 'Sisa', NULL, 'sisa.m', '$2a$12$S6G.I3j0.fV7B6F5G4N0o0A1i5/Z/K.j4O1pP3m0o0A1i5/A', '1978-03-25', 'Female', 'CS01', 'Philippines', 'Resident', 'Filipino', '987-654-321-009', 'Pending Verification');
SET @cif5 = LAST_INSERT_ID();

INSERT INTO CUSTOMER_ADDRESS (cif_number, address_type_code, address_street, address_barangay, address_city, address_province, address_country, address_zip_code) VALUES
(@cif5, 'AD01', '876 Acacia Ave', 'San Isidro', 'Davao City', 'Davao del Sur', 'Philippines', '8000');

INSERT INTO CUSTOMER_CONTACT_DETAILS (cif_number, contact_type_code, contact_value) VALUES
(@cif5, 'CT01', '+639987654321'),
(@cif5, 'CT04', 'sisa.m@email.com');

INSERT INTO CUSTOMER_ID (cif_number, id_type_code, id_number, id_storage, id_issue_date, id_expiry_date) VALUES
(@cif5, 'UMD', 'CRN-0555-5555555-5', '/ids/sisa_umd.jpg', '2019-10-05', '2029-10-05'),
(@cif5, 'NPP', 'PH9876543', '/ids/sisa_passport.jpg', '2021-01-15', '2031-01-15');

INSERT INTO CUSTOMER_FUND_SOURCE (cif_number, fund_source_code) VALUES
(@cif5, 'FS001');

INSERT INTO ACCOUNT_DETAILS (product_type_code, verified_by_employee, account_open_date, account_status)
VALUES ('PR05', 4, CURDATE(), 'Pending Verification');
SET @acc5 = LAST_INSERT_ID();
INSERT INTO CUSTOMER_ACCOUNT (cif_number, account_number) VALUES (@cif5, @acc5);